keyword,name
3d21reserve,グレードアップ予約キャンペーンセット
bcc3,神楽舞ドレスセット
bugbug002,BugBugランジェリーセット
cas001,フロントジップワンピセット
cas002,セットアップニットセット
cas003,パンキッシュニードルセット
cas004,ヴァンパイアセット
cas005,レイシーダンサーセット
cas006,ダークソルジャーセット
cas007,水兵セット
cas009,カジュアルパーカーセット
cas010,フードパーカーセット
cas011,半袖ベスト制服セット
cas017,ロングカーディガンセット
cas018,ノーブルスーツセット
cas019,名探偵セット
cas026,プリンスセット
cas027,ミルキーウェイスターセット
cas028,海賊セット
cas029,研究者セット
cas030,アーミーセット
cas031,スタイリッシュスーツ
cas036,セーター＆ダウンジャケットセット
cas037,スカジャンセット
cas038,スポーツウェアセット
cas042,天下大祭セット
cas043,祭り法被セット
cas044,陣羽織セット
cd001,ミュージックドレスセット
cd002,グルーヴドレスセット
cd003,サウンドキャットドレスセット
com3d2cbp,CBLメイド服V2
cw001cloth1,ミニサロペットブラウスセット
cw001cloth2,バトルアーマーセット
cw001cloth3,カジュアルライダースセット
cw001cloth4,ソーサレスセット
cw002cloth1,ヨーロピアンクラシカルセット
cw002cloth2,エレガントリリスセット
cw002cloth3,インファイターセット
cw002cloth4,エレガントゴシックセット
cw003cloth1,キュートラブリーセーターセット
cw003cloth2,ハートニットワンピセット
cw003cloth3,もこもこコートセット
cw004cloth1,ドーナツショップ制服セット
cw004cloth2,スプリングブリリアントセット
cw004cloth3,グレースフルロングスカートセット
cw005cloth1,キュートグランピングウェアセット
cw005cloth2,マウンテンガールセット
cw005cloth3,フォレストガールセット
cw005cloth4,トレッキングウェアセット
cw007cloth1,エレガントバニーセット
cw007cloth2,シックレースランジェリーセット
cw007cloth3,セクシーミニデビルセット
denkigai2015s001,海賊服セット
denkigai2015s002,ジャージセット
denkigai2015s003,リボンブラウスセット
denkigai2015w,電気外祭り2015冬
denkigai2016s,電気外祭り2016夏
denkigai2016w,電気外祭り2016冬
denkigai2017s,電気外祭り2017夏
denkigai2017w,電気外祭り2017冬
denkigai2018s,電気外祭り2018夏
denkigai2018w,電気外祭り2018冬
denkigai2018wmumuta,無無田オリジナルコスセット
denkigai2019s,電気外祭り2019夏
denkigai2019w,電気外祭り2019冬
denkigai2020s,電気外祭り2020夏
denkigai2020w,電気外祭り2020冬
dlc001,セパレートメイド服
dlc002,カジュアルカーディガンセット
dlc003,リボンワンピースセット
dlc004,人妻風私服セット
dlc005,ミニ巫女セット
dlc006,SLCセット
dlc007,オフショルダー私服セット
dlc008,コンサバボレロセット
dlc009,ガーリーパーカーセット
dlc010,パーカー＆ホットパンツセット
dlc011,リトルフォーマルセット
dlc012,奴隷服セット
dlc013,マジカルウィッチセット
dlc014,牛コスチュームセット
dlc015,カレッジガールセット
dlc016,ゴスロリ晴れ着セット
dlc017,ミニシスターセット
dlc018,巫女セット
dlc019,縦セーター私服セット
dlc020,CA制服セット
dlc021,パンプキンウィッチセット
dlc022,MMLボンデージセット
dlc026,パジャマセット
dlc027,ミニスカートジェネラルセット
dlc028,なでしこメイド服
dlc030,事務員セット
dlc031,もふもふコートセット
dlc032,女教諭セット
dlc033,学ランセット
dlc034,ロンT私服セット
dlc036,サンタコスチュームセット
dlc037,フリルドレスセット
dlc039,女学生大正風セット
dlc040,ダッフルコートセット
dlc041,くのいちセット
dlc042,浴衣セット
dlc044,Ｐｉａ３・フローラルミント
dlc045,Ｐｉａ３・ぱろぱろ
dlc046,Ｐｉａ３・トロピカル
dlc047,アニマルコスチュームセット
dlc048,ハイレグレオタードセット
dlc049,ビキニアーマーセット
dlc051,まいてつ・ハチロク衣装セット
dlc052,まいてつ・れいな衣装セット
dlc053,スプリングフリルセット
dlc054,ベルトパンクセット
dlc055,クラシカルメイド服
dlc057,ワガハイ・桜翠学園制服セット
dlc059,純真メイド服
dlc060,テニスウェアセット
dlc061,地味な私服セット
dlc062,フラワーレースセット
dlc063,タユタマ2・制服セット
dlc064,タユタマ・制服セット
dlc065,ダンシングメイド服
dlc066,ダンシングチアリーダーセット
dlc067,シェイプアップセット
dlc069,ホワイトレースセット
dlc071,セクシーミニチャイナセット
dlc072,セクシーチアリーダーセット
dlc073,フリルセクシーメイド服
dlc074,キュート＆セクシーレースセット
dlc075,夏制服セット
dlc076,サマーカジュアルセット
dlc077,幽霊セット
dlc078,スウィーツレースセット
dlc080,LAMUNATION!・らむね衣装セット
dlc081,LAMUNATION!・アイリス衣装セット
dlc082,千恋＊万花・芳乃制服セット
dlc083,千恋＊万花・茉子衣装セット
dlc084,ANIM・尾高千夏なりきりセット
dlc085,かのつく２・コスチュームセット
dlc086,バスケユニフォームセット
dlc087,サイクリングセット
dlc088,ランニングセット
dlc089,ストレッチインナーセット
dlc091,ライダーセット
dlc092,レースクイーンセット
dlc093,ウエスタンセット
dlc094,ソフトレースセット
dlc100,らぶシス・きさらセット
dlc101,らぶシス・プニーナセット
dlc102,ゴシックメイド服
dlc103,小悪魔メイド服
dlc104,エンジェメイド服
dlc105,エンジェルランジェリー
dlc106,パンクゴシックセット
dlc107,サンタメイド服
dlc108,マジシャンセット
dlc109,シュエットランジェリー
dlc110,まじこいA・由紀江セット
dlc111,まじこいA・マルギッテセット
dlc112,ノラとと・パトリシアセット
dlc113,ノラとと・ユウキセット
dlc114,ノーマルメイド服
dlc115,マーチングアイドルセット
dlc116,花魁ミニドレスセット
dlc119,スタジャンセット
dlc120,スキーウェアセット
dlc121,フェミパンカジュアルセット
dlc122,鬼っ娘コスチュームセット
dlc123,春グラ・優理制服セット
dlc124,春グラ・一葉私服セット
dlc125,春グラ・耶々私服セット
dlc126,はるみな・叶水着セット
dlc127,はるみな・芽以水着セット
dlc128,はるみな・英麻水着セット
dlc129,はるみな・制服セット
dlc130,サスペンダーバニーセット
dlc131,セクシーウェイトレスセット
dlc132,メルヘンドレスセット
dlc133,フロウリボンランジェリーセット
dlc134,フラワーレースチュニックセット
dlc135,シンプルメイド服
dlc136,ノースリーブ私服セット
dlc137,リラックスインナーセット
dlc138,おとれな・土筆制服セット
dlc139,おとれな・六道執事服セット
dlc140,ネコぱら・ショコラセット
dlc141,ネコぱら・バニラセット
dlc142,セクシーパンサーセット
dlc143,セクシーデビルセット
dlc144,セクシーナースセット
dlc145,ミルキーランジェリーセット
dlc146,タユタマ2AS・こはくセット
dlc147,タユタマ2AS・菜乃セット
dlc148,タユタマ2AS・緋文セット
dlc149,雨合羽セット・カエルさん
dlc150,ファンシープリンセスセット
dlc151,チャーミングピエロセット
dlc152,プリティフラワーレースセット
dlc156,お嬢ない・嶺峰学園制服セット
dlc157,新妻ラブリケ・愛子衣装セット
dlc158,新妻ラブリケ・雪衣装セット
dlc159,新妻ラブリケ・乃々衣装セット
dlc160,フリルビキニセット
dlc161,シンプルリボンワンピセット
dlc162,フロントクロスビキニセット
dlc163,STRランジェリーセット
dlc164,MMLワルキューレドレスセット
dlc165,MMLサキュバスドレスセット
dlc166,マリンルックセット
dlc167,田舎娘セット
dlc168,スポーツ私服セット
dlc169,キュートレースランジェリー
dlc170,アリスソフト・エクシールセット
dlc171,アリスソフト・キリエルセット
dlc172,ガーリーサロペットセット
dlc173,セキュリティサービスセット
dlc174,ブリリアントフラワーセット
dlc176,ディアンドルセット
dlc177,マジカルパンプキンドレスセット
dlc178,シンプルチャイナ服セット
dlc180,ノラとと2・アイリスセット
dlc181,ノラとと2・ノエルセット
dlc182,バルド・エリスセット
dlc183,バルド・イェルドセット
dlc184,オフィスレディウェアセット
dlc185,裸パーカーセット
dlc186,セレモニースーツセット
dlc187,コルセット風ランジェリーセット
dlc188,金恋・シルヴィ制服セット
dlc189,金恋・玲奈制服セット
dlc190,接待ボンデージセット
dlc191,ブライダルドレスセット
dlc192,マダムファッションセット
dlc193,ヴィーナスランジェリーセット
dlc195,金恋・シルヴィドレスセット
dlc196,金恋・玲奈私服セット
dlc197,セクシーティーチャーセット
dlc198,ニットコート私服セット
dlc199,サイバネティックスガールセット
dlc200,きゃんバニ3・スワティセット
dlc201,きゃんバニ3・花子女セット
dlc202,ハピネスバレンタインセット
dlc203,ウィンターカジュアルセット
dlc204,バリスタセット
dlc205,ひらひらフリルランジェリーセット
dlc206,デリカートメイド服
dlc207,カノンメイド服
dlc208,ドルチェメイド服
dlc209,ぱらしゃん・アリカ水着セット
dlc210,ぱらしゃん・青水着セット
dlc211,恋花・伊織制服セット
dlc212,恋花・沙希セット
dlc213,恋花・蓉子セット
dlc214,ランス10・ハウゼルセット
dlc215,ランス10・謙信衣装セット
dlc216,ランス10・かなみセット
dlc218,ANIM・佳乃セット
dlc220,リドルジョーカー・三司あやせセット
dlc221,リドルジョーカー・在原七海セット
dlc222,リドルジョーカー・二条院羽月セット
dlc223,リドルジョーカー・式部茉優セット
dlc225,水月・琴乃宮雪セット
dlc226,水月・牧野那波セット
dlc227,わんこの嫁入り・コハルセット
dlc228,わんこの嫁入り・アズキセット
dlc230,ラズキュー・瑠莉私服セット
dlc231,ラズキュー・美琴私服セット
dlc232,ラズキュー・悠私服セット
dlc233,ラズキュー・みなと私服セット
dlc235,みにくいモジカの子・みゆセット
dlc236,みにくいモジカの子・椿セット
dlc237,みにくいモジカの子・胡頽子セット
dlc240,未来ラジオと人工鳩・かぐやセット
dlc241,未来ラジオと人工鳩・椿姫セット
dlc242,未来ラジオと人工鳩・秋奈セット
dlc243,未来ラジオと人工鳩・水雪セット
dlc245,金恋・エルセット
dlc246,金恋・理亜セット
dlc248,めくいろ・桜夜霊式具装セット
dlc249,めくいろ・椿霊式具装セット
dlc250,めくいろフルセット
dlc252,イブニクル2・ユラギセット
dlc253,イブニクル2・プラチナセット
dlc254,イブニクル2・シャロセット
dlc256,コロラム・学園制服セット
dlc257,コロラム・澄香水着セット
dlc258,コロラム・菜砂水着セット
dlc259,コロラム・千早水着セット
dlc260,コロラム・リールゥ水着セット
dlc261,コロラム・つむり水着セット
dlc267,コロラム・澄香私服セット
dlc268,コロラム・菜砂私服セット
dlc269,コロラム・千早私服セット
dlc270,コロラム・リールゥ私服セット
dlc271,コロラム・つむり私服セット
dlc277,あいミス！R・アシュリーセット
dlc278,あいミス！R・ユーセット
dlc279,あいミス！R・クリスセット
dlc281,わんこの嫁入り2・フブキ制服セット
dlc282,わんこの嫁入り2・カエデ制服セット
dlc283,わんこの嫁入り2・フブキ私服セット
dlc284,わんこの嫁入り2・カエデ私服セット
dlc285,わんこの嫁入り2・コハル私服セット
dlc286,わんこの嫁入り2・アズキ私服セット
dlc291,ネコぱら・メイプルメイド服セット
dlc292,ネコぱら・シナモンメイド服セット
dlc293,ネコぱら・アズキメイド服セット
dlc294,ネコぱら・ココナツメイド服セット
dlc295,ネコぱら・メイプル私服セット
dlc296,ネコぱら・シナモン私服セット
dlc297,ネコぱら・アズキ私服セット
dlc298,ネコぱら・ココナツ私服セット
dlc301,アイキス・アヤメ制服セット
dlc302,アイキス・ヒナタ制服セット
dlc303,アイキス・純子制服セット
dlc304,アイキス・杏制服セット
dlc307,あいミス！R・セシルセット
dlc308,あいミス！R・プリシラセット
dlc309,あいミス！R・コトセット
dlc311,オリエンタルプリンセスセット
dlc312,ジェネラルナイトセット
dlc313,ファースリーブセット
dlc314,ベアベビードールセット
dlc315,エレガントフラワービキニセット
dlc316,オフショルダーリボンニットセット
dlc317,フラワーワンピースセット
dlc318,マリーさん・マリーさんセット
dlc320,ワイルドキャットセット
dlc321,ハーピーセット
dlc322,ドラゴニュートセット
dlc323,バーチャルアンドロイドセット
dlc324,サイバーヒューマノイドセット
dlc325,メカニカルスーツセット
dlc326,ぼく乳・諌見萌セット
dlc329,重ね着風ビキニセット
dlc330,レオタード風水着セット
dlc333,キュートセーラーワンピ制服セット
dlc334,ワンピース学生服セット
dlc335,半袖カーディガン制服セット
dlc336,ショートセーラー服セット
dlc338,セクシーレースバニーセット
dlc339,ベアトップレースセット
dlc340,雪娘セット
dlc341,天狗セット
dlc342,鬼人セット
dlc343,龍娘セット
dlc344,あいミス！R・ラウラセット
dlc345,あいミス！R・ラディスセット
dlc346,あいミス！R・リディアセット
dlc348,純和風カフェセット
dlc349,ピュアファンシーカフェセット
dlc350,チャイナウェイトレスセット
dlc351,セクシーファンシーカフェセット
dlc352,アイキス2・七瀬セット
dlc353,アイキス2・莉子制服セット
dlc354,アイキス2・十和子セット
dlc355,アイキス2・郁枝セット
dlc356,ミイラセット
dlc357,ハロウィンデビルセット
dlc358,ダークウィッチセット
dlc359,ネクロブライドセット
dlc360,ハミクリ・妃愛セット
dlc361,ハミクリ・華乃セット
dlc362,ハミクリ・あすみセット
dlc363,ハミクリ・詩桜セット
dlc364,フェミニンシックセット
dlc365,テーラードジャケット＆ニットセット
dlc366,ミニスカニットセット
dlc367,レオパードギャルセット
dlc368,ホロウハートセット
dlc369,ツーステップフリルセット
dlc370,オープンジッパーボンデージセット
dlc371,レースミニキャミソールセット
dlc372,キュートサンタセット
dlc373,あまシェア・小詠美セット
dlc374,あまシェア・花恋セット
dlc375,ガラス姫・アンリセット
dlc376,ガラス姫・ベルナデッドセット
dlc377,ガラス姫・織姫セット
dlc378,ガラス姫・奈緒美セット
dlc379,バレンタインアイドルセット
dlc380,コスプレ体操服セット
dlc381,パティシエールセット
dlc382,セミオープンレースランジェリーセット
dlc383,セクシースクウェアランジェリーセット
dlc384,シースルーベビードールセット
dlc385,ネットボンテージセット
dlc386,シースルーウエディングドレスセット
dlc387,トップレースウエディングドレスセット
dlc388,ポップアイドルセット
dlc389,セクシーグリッターセット
dlsite,DLsite.com オリジナル
free002,身体塗りチョコセット
ggcc,ゴーゴーカレーコラボセット
gp001,ダンサブルランジェリーセット
gp001fb,GP-01Fb
gp002,GP-02
karaoke001,カラオケデートセット
karaoke002,オフショルダーネーブルセット
karaoke003,サマーノスタルジーセット
karaoke004,フレッシュレディセット
karaoke005,ワンショルダーワンピセット
karaoke006,フェミッシュワンピースセット
kissevent2017march,KISSイベント2017March
kissevent2018,KISSイベント2018March
magazine001,LiLiTH・対魔忍アサギセット
magazine002,オフィシャルファンブック2
magazine003,桜麗華セット
maidcafe4,メイリッシュイメージメイド服
maidcafec,メイリッシュメイド服
maidcafec3,メイリッシュセーラーセット
nijiyomec,にじよめちゃんセット
ordermade001,綺羅風月セット
ordermade002,スタイリッシュバトラーメイド服
personal_om001,レティセンスメイド服
personal_om002,プチデビルメイド服
personal_om003,レディライクメイド服
personal_om004,セクレタリーメイド服
personal_om005,ルシュクルメイド服
personal_om006,エミアブルメイド服
personal_om007,エミネンスメイド服
personal_om008,アミーメイド服
personal_om009,デザイアメイド服
personal_om010,シャローメイド服
personal002,プリティメイド服
personal003,スタイリッシュバトラーメイド服
personal004,フォルテメイド服
pp001,サキュバスマイクロミニドレスセット
pp002,ウェディングメイドドレスセット
pp003,ハネムーンウェディングドレスセット
pp003p,ACT.3.1
shop001,普通のメイド服
shop002,ゴシックレースドレスセット
shop003,レーシングメイド服
shop004,ミリタリーワンピースセット
shop005,女教師セット
shop006,エキゾチックダンサーセット
shop007,誘惑のガーターセット
shop008,魅惑のビスチェセット
shop010,裸リボンセット
shop011,フラウメイド服
shop014,ファビュラスマダムセット
shop016,ずきんむすめセット
shop017,ファンシーエンジェルセット
shop018,カウガールセット
shop019,ハイレグ騎士セット
shop020,めろんちゃんセット
shop021,セクシーテールドレスセット
sp001cloth1,アオザイセット
sp001cloth2,シーカフェ制服セット
sp001cloth3,がうがうセーラーセット
sp002cloth1,御衛軍服セット
sp002cloth2,キュート巫女セット
sp002cloth3,ニンニンくのいちセット
sp003cloth1,背中空きセーターセット
sp003cloth2,スノースポーツウェアセット
sp003cloth3,雪女セット
sp004cloth1,魔法猫耳少女サクラセット
sp004cloth2,エッチな法被セット
sp004cloth3,美少女新選組セット
sp005cloth1,サマーワンピースセット
sp005cloth2,バトルラバースーツセット
sp005cloth3,レティセンス水着セット
sp006cloth1,だぶだぶパーカーセット
sp006cloth3,和ノ喫茶制服セット
sp007cloth1,館内着セット
sp007cloth2,茶羽織セット
sp007cloth3,ストール巻き和服セット
tech002,ジャイ子制服セット
tech003,さくら、もゆ・クロセット
tech004,ラズキュー・瑠莉制服セット
vac001,VAC・クラシックメイド服
vac002,VAC・プリーストメイド服
vp001,ビジュアルパック
vrcom,バケーションパックVR
wp001,ホルターネックワンピースセット
yomeidokanteidan_appraiser,鑑定士セット・赤
yomeidokanteidan_legendmaid,伝説のメイド服・黒

head,顔
folder_mayu,眉
folder_eye,目
folder_eyewhite,白目
mayu,眉
eye,目
eye_hi,目ハイライト
hokuro,ほくろ
lip,唇
accha,歯
nose,鼻
folder_matsuge_up,上まつげ
folder_matsuge_low,下まつげ
folder_futae,二重
hairf,前髪
hairr,後髪
hairs,横髪
hairt,エクステ髪
hairaho,アホ毛
folder_skin,肌
skin,肌
chikubi,乳首
acctatoo,タトゥー
folder_underhair,アンダーヘア
underhair,アンダーヘア
body,ボディ
accnail,ネイル
acchat,帽子
headset,ヘッドドレス
wear,トップス
skirt,ボトムス
onepiece,ワンピース
mizugi,水着
bra,ブラジャー
panz,パンツ
stkg,靴下
shoes,靴
acckami,前髪アクセ
megane,メガネ
acchead,アイマスク
acchana,鼻アクセ
accmimi,耳アクセ
glove,手袋
acckubi,ネックレス
acckubiwa,チョーカー
acckamisub,リボン
accnip,乳首アクセ
accude,腕
accheso,へそアクセ
accashi,足首
accsenaka,背中
accshippo,しっぽ
accvag,前穴
accxxx,前穴
accanl,後穴
set_maidwear,メイド服セット
set_mywear,私服セット
set_underwear,下着セット
set_body,身体セット
